위도,경도,name,addr:full,phone,source:date,amenity,healthcare:speciality,addr:district,addr:street,addr:housenumber,addr:subdistrict,addr:unit,level,addr:door
37.50297214,126.6722658,석남서울치과의원,"인천광역시 서구 가정로 204, 2~3층 (석남동)",+82 32 576 2875,2020-08-28,dentist,,,가정로,204,석남동,,,
37.5323839,126.6470464,휴앤미의원,"인천광역시 서구 청라커낼로260번길 27, 128~129호 (청라동, 청라한신더휴커낼웨이)",+82 32 562 8857,2020-08-28,doctors,,,청라커낼로260번길,27,,,,128-129
37.5323839,126.6470464,세중한의원 청라점,"인천광역시 서구 청라커낼로260번길 27, 246호 (청라동, 청라한신더휴커낼웨이)",+82 32 567 3308,2020-08-28,doctors,acupuncture,,청라커낼로260번길,27,,,,246
37.53208948,126.6457279,연세예쁜미소치과의원,"인천광역시 서구 청라커낼로260번길 11, 405호 (청라동, 진성프라자)",+82 32 710 2879,2020-08-28,dentist,,,청라커낼로260번길,11,,,,405
37.52208025,126.6648346,소망연세의원,"인천광역시 서구 새오개로111번안길 32, 2~3층 (신현동)",+82 32 715 5774,2020-08-28,doctors,,,새오개로111번안길,32,신현동,,,
37.5323839,126.6470464,연세별치과의원,"인천광역시 서구 청라커낼로260번길 27, 247호 (청라동, 청라한신더휴커낼웨이)",+82 32 268 2875,2020-08-28,dentist,,,청라커낼로260번길,27,,,,247
37.51848254,126.6726021,365채움한의원,"인천광역시 서구 가정로 375, 202,208호 (신현동, 금강아미움)",+82 32 575 1075,2020-08-28,doctors,acupuncture,,가정로,375,,,,"202,208"
37.52638571,126.6711046,우리베스트내과의원,,+82 32 715 6308,2020-08-28,doctors,,,염곡로464번길,15,가정동,,4,
37.53386257,126.6455601,뜰한의원,"인천광역시 서구 청라커낼로288번길 10, 406호 (청라동, 더스페이스타워)",+82 32 710 1472,2020-08-28,doctors,acupuncture,,청라커낼로288번길,10,,,,406
37.52647816,126.6697114,서울정형외과의원,"인천광역시 서구 염곡로 468, 7~8층 (가정동, 드림타워)",+82 32 561 1140,2020-08-28,doctors,,,염곡로,468,,,,
37.53341248,126.6401035,청라맑은샘한의원,"인천광역시 서구 청라루비로 93, 205호 (청라동, 루비타워)",+82 32 564 1238,2020-08-28,doctors,acupuncture,,청라루비로,93,,,,205
37.53233836,126.6556911,청라좋은하늘치과의원,,+82 32 265 2875,2020-08-28,dentist,,,청라에메랄드로,79,청라동,,,306-307
37.59410011,126.6737751,오케이마취통증의학과의원,"인천광역시 서구 원당대로 651, 2~3층 (마전동, 완정빌딩)",+82 32 566 7700,2020-08-28,doctors,,,원당대로,651,,,,
37.53398199,126.6568157,청라단비한의원,"인천광역시 서구 청라에메랄드로102번길 8, 405호 (청라동, 우성메디피아)",+82 32 565 1075,2020-08-28,doctors,acupuncture,,청라에메랄드로102번길,8,,,,405
37.60180142,126.6576142,더나아산부인과의원,"인천광역시 서구 검단로 480, 5층 (왕길동, 검단리치웰프라자)",+82 32 567 5732,2020-08-28,doctors,,,검단로,480,,,5,
37.53259499,126.6458093,청라S한의원,"인천광역시 서구 청라커낼로260번길 7-11, 201~207호 (청라동, 청라퍼스트타워)",+82 32 719 8258,2020-08-28,doctors,acupuncture,,청라커낼로260번길,7-11,,,,201-207
37.51813807,126.673219,뉴욕리더스치과의원,,+82 32 573 2825,2020-08-28,dentist,,,가정로,372,가정동,,,201
37.49955842,126.6619783,국제플란트치과의원,,+82 32 584 1007,2020-08-28,dentist,,,봉수대로,268,석남동,,,201
37.60260123,126.65743,인천용한의원,,+82 32 565 1368,2020-08-28,doctors,acupuncture,,완정로,172,마전동,,,303
37.60260123,126.65743,이화별의원,,+82 32 564 9400,2020-08-28,doctors,,,완정로,172,마전동,,,407
37.54229397,126.6763898,경희참조은한의원,"인천광역시 서구 서곶로 277 (심곡동, 동우 리스웰)",+82 32 565 8588,2020-08-28,doctors,acupuncture,,서곶로,277,,,,
37.59328487,126.6968665,더(the)조은정신건강의학과의원,"인천광역시 서구 원당대로 860, 804호 (당하동, 보람프라자)",+82 32 564 7505,2020-08-28,doctors,,,원당대로,860,,,,804
37.53386257,126.6455601,진이비인후과의원,"인천광역시 서구 청라커낼로288번길 10, 403~404호 (청라동, 더스페이스타워)",+82 32 561 5552,2020-08-28,doctors,,,청라커낼로288번길,10,,,,403-404
37.53208948,126.6457279,참편안365의원,"인천광역시 서구 청라커낼로260번길 11, 602~604호 (청라동, 진성프라자)",+82 32 562 1175,2020-08-28,doctors,,,청라커낼로260번길,11,,,,602-604
37.52647816,126.6697114,드림본의원,"인천광역시 서구 염곡로 468, 601~604호 (가정동, 드림타워)",+82 32 566 7576,2020-08-28,doctors,,,염곡로,468,,,,601-604
37.52638571,126.6711046,루원365한의원,,+82 1877 4975,2020-08-28,doctors,acupuncture,,염곡로464번길,15,가정동,,,"301-302호,310-311호,605-609"
37.53386257,126.6455601,청라미소소아청소년과의원,"인천광역시 서구 청라커낼로288번길 10, 505호 (청라동, 더스페이스타워)",+82 32 563 7227,2020-08-28,doctors,,,청라커낼로288번길,10,,,,505
37.60147146,126.6587073,오라클피부과의원,"인천광역시 서구 완정로 153, 5층 (왕길동, 이레메디칼센터)",+82 32 566 4114,2020-08-28,doctors,,,완정로,153,,,5,
37.51892599,126.6727752,정본한의원,,+82 32 724 8004,2020-08-28,doctors,acupuncture,,가정로,379,신현동,,,402
37.53340502,126.6449461,청라골든연합의원,"인천광역시 서구 청라커낼로 280, 603~607호 (청라동, 청라골든프라자)",+82 32 566 8287,2020-08-28,doctors,,,청라커낼로,280,,,,603-607
37.51848254,126.6726021,미엘피부과의원,"인천광역시 서구 가정로 375, 403~404호 (신현동, 금강아미움)",+82 32 572 7111,2020-08-28,doctors,,,가정로,375,,,,403-404
37.60260123,126.65743,이주영미즈영상의학과의원,,+82 32 562 0033,2020-08-28,doctors,,,완정로,172,마전동,,,403
37.5029314,126.671848,아가파의원,"인천광역시 서구 가정로 201-1, 2층 일부 (석남동, 두일빌딩)",+82 32 572 4500,2020-08-28,doctors,,,가정로,201-1,,,2,
37.60260123,126.65743,킹소아청소년과의원,,+82 32 568 5119,2020-08-28,doctors,,,완정로,172,마전동,,,402
37.60147146,126.6587073,검단서유승내과의원,"인천광역시 서구 완정로 153, 3층 (왕길동, 이레메디칼센터)",+82 32 568 4588,2020-08-28,doctors,,,완정로,153,,,3,
37.53210911,126.6513846,데일리의원,"인천광역시 서구 중봉대로586번길 15, 401~402호 (청라동, 청연프라자)",+82 32 567 5430,2020-08-28,doctors,,,중봉대로586번길,15,,,,401-402
37.59510977,126.6722172,경희척한의원,"인천광역시 서구 완정로 18, 203호 일부 (마전동, 한윤메디칼)",+82 32 561 7581,2020-08-28,doctors,acupuncture,,완정로,18,,,,203
37.53388963,126.650289,소유외과의원,,+82 32 292 1000,2020-08-28,doctors,,,중봉대로,610,청라동,,,603-604
37.53208993,126.6449812,청라고려의원,"인천광역시 서구 청라커낼로 264, 908호 (청라동, 청라두손중앙프라자)",+82 1661 1737,2020-08-28,doctors,,,청라커낼로,264,,,,908
37.60260123,126.65743,윤재활의학과의원,,+82 32 568 7588,2020-08-28,doctors,,,완정로,172,마전동,,,404-405
37.52914469,126.6656704,신아한의원,,+82 32 562 0130,2020-08-28,doctors,acupuncture,,봉오재3로,46,가정동,,2,
37.52969433,126.665672,아이사랑소아청소년과의원,,+82 32 561 0279,2020-08-28,doctors,,,봉오재3로,40,가정동,,,202
37.54357481,126.6765143,더본마취통증의학과의원,,+82 32 561 8136,2020-08-28,doctors,,,서곶로,293,심곡동,,,502
37.60260123,126.65743,우수치과의원,,+82 32 565 2080,2020-08-28,dentist,,,완정로,172,마전동,,,304-305
37.60260123,126.65743,아름드리정신건강의학과의원,,+82 32 568 7559,2020-08-28,doctors,,,완정로,172,마전동,,,406
37.48874461,126.6835196,365바로한의원,"인천광역시 서구 고래울로 4, 3층 일부 (가좌동)",+82 32 715 7789,2020-08-28,doctors,acupuncture,,고래울로,4,가좌동,,3,
37.52720848,126.6697551,로지의원,"인천광역시 서구 봉오재3로 90, 201~202호 (가정동, 한일골드타워)",+82 32 569 6515,2020-08-28,doctors,,,봉오재3로,90,,,,201-202
37.52647816,126.6697114,굿닥터신치과의원,"인천광역시 서구 염곡로 468, 405~406호 (가정동, 드림타워)",+82 32 563 2575,2020-08-28,dentist,,,염곡로,468,,,,405-406
37.52763226,126.6697815,가정21세기치과의원,"인천광역시 서구 염곡로498번안길 16-1, 301~302호 (가정동, 퍼스트프라자)",+82 32 773 2879,2020-08-28,dentist,,,염곡로498번안길,16-1,,,,301-302
37.53340502,126.6449461,사랑이꽃피는한의원,,+82 32 555 1199,2020-08-28,doctors,acupuncture,,청라커낼로,280,청라동,,,304-305
37.52720848,126.6697551,루원삼성비뇨의학과의원,"인천광역시 서구 봉오재3로 90, 501호 (가정동, 한일골드타워)",+82 32 565 0728,2020-08-28,doctors,,,봉오재3로,90,,,,501
37.53386257,126.6455601,미유치과의원,"인천광역시 서구 청라커낼로288번길 10, 401~402호 (청라동, 더스페이스타워)",+82 32 719 7928,2020-08-28,dentist,,,청라커낼로288번길,10,,,,401-402
37.52242283,126.6648511,사랑소아청소년과의원,,+82 32 572 8277,2020-08-28,doctors,,,새오개로111번안길,31,신현동,,,201
37.53341248,126.6401035,연세유쾌항외과의원,"인천광역시 서구 청라루비로 93, 203~204호 (청라동, 루비타워)",+82 32 721 5585,2020-08-28,doctors,,,청라루비로,93,,,,203-204
37.48874461,126.6835196,행복한가정의학과의원,"인천광역시 서구 고래울로 4, 2층 일부 (가좌동)",+82 32 582 3824,2020-08-28,doctors,,,고래울로,4,가좌동,,2,
37.52720848,126.6697551,유승진내과의원,"인천광역시 서구 봉오재3로 90, 301호 (가정동, 한일골드타워)",+82 32 566 0111,2020-08-28,doctors,,,봉오재3로,90,,,,301
37.52720848,126.6697551,연세센텀치과의원,"인천광역시 서구 봉오재3로 90, 401호 (가정동, 한일골드타워)",+82 32 563 2279,2020-08-28,dentist,,,봉오재3로,90,,,,401
37.53398026,126.6401158,청라미래치과의원,,+82 32 563 2828,2020-08-28,dentist,,,청라루비로,99,경서동,,,302
37.60318842,126.6551885,의료법인 성세의료재단 검단성민치과의원,"인천광역시 서구 완정로 192, 1층 일부 (마전동, 베스트프라자)",+82 32 726 1072,2020-08-28,dentist,,,완정로,192,,,1,
37.52930697,126.6656789,더바른치과의원,"인천광역시 서구 봉오재3로 44, 3층 (가정동, 명문프라자)",+82 32 562 2275,2020-08-28,dentist,,,봉오재3로,44,,,3,
37.58811707,126.6753531,데일리치과의원,"인천광역시 서구 서곶로 788, 204~206호 (당하동, 홀리랜드)",+82 32 561 9928,2020-08-28,dentist,,,서곶로,788,,,,204-206
37.52763226,126.6697815,경희태림한의원,"인천광역시 서구 염곡로498번안길 16-1, 201호 (가정동, 퍼스트프라자)",+82 32 710 5071,2020-08-28,doctors,acupuncture,,염곡로498번안길,16-1,,,,201
37.60147146,126.6587073,명소아청소년과의원,"인천광역시 서구 완정로 153, 201호 (왕길동, 이레메디칼센터)",+82 32 582 7575,2020-08-28,doctors,,,완정로,153,,,,201
37.53209493,126.6509323,서울원누리치과의원,"인천광역시 서구 중봉대로586번길 9-4, 407호 (청라동, 쓰리엠타워)",+82 32 710 7522,2020-08-28,dentist,,,중봉대로586번길,9-4,,,,407
37.52794389,126.6702511,루원치과의원,,+82 32 565 2804,2020-08-28,dentist,,,염곡로498번안길,17,가정동,,1,
37.53209493,126.6509323,서울더본피부과의원,"인천광역시 서구 중봉대로586번길 9-4, 405~406호 (청라동, 쓰리엠타워)",+82 32 710 0075,2020-08-28,doctors,,,중봉대로586번길,9-4,,,,405-406
37.51738973,126.6731757,해솔한의원,"인천광역시 서구 가정로 364-1, 4층 (가정동, 창대빌딩)",+82 32 576 1070,2020-08-28,doctors,acupuncture,,가정로,364-1,,,4,
37.60180142,126.6576142,나눔성형외과의원,"인천광역시 서구 검단로 480, 308~310호 (왕길동, 검단리치웰프라자)",+82 32 567 7788,2020-08-28,doctors,,,검단로,480,,,,308-310
37.60180142,126.6576142,우리탑내과의원,"인천광역시 서구 검단로 480, 206~207호 (왕길동, 검단리치웰프라자)",+82 32 565 8789,2020-08-28,doctors,,,검단로,480,,,,206-207
37.52242283,126.6648511,프라임치과의원,,+82 32 288 2828,2020-08-28,dentist,,,새오개로111번안길,31,신현동,,3,
37.60197566,126.6586756,봄봄한의원,,+82 32 563 2266,2020-08-28,doctors,acupuncture,,완정로,160,마전동,,,202
37.49280407,126.6855743,서울미소치과의원,,+82 32 205 2828,2020-08-28,dentist,,,장고개로337번길,13,가좌동,,,201-202
37.49299212,126.679001,행복의원,"인천광역시 서구 신진말로 30, 1~3층 (가좌동, 승지빌딩)",+82 32 571 7575,2020-08-28,doctors,,,신진말로,30,,,,
37.60180142,126.6576142,하이맨비뇨기과의원,"인천광역시 서구 검단로 480, 406~407호 (왕길동, 검단리치웰프라자)",+82 32 568 5768,2020-08-28,doctors,,,검단로,480,,,,406-407
37.51813807,126.673219,튼튼마취통증의학과의원,"인천광역시 서구 가정로 372, 4층, 5층 2호 (가정동)",+82 32 582 8275,2020-08-28,doctors,,,가정로,372,가정동,,5,2
37.59248978,126.6739962,아라의원,"인천광역시 서구 청마로167번길 24, 4층 (당하동, TK빌딩)",+82 32 715 6075,2020-08-28,doctors,,,청마로167번길,24,,,4,
37.52930697,126.6656789,열린이비인후과의원,"인천광역시 서구 봉오재3로 44, 2층 (가정동, 명문프라자)",+82 32 565 0938,2020-08-28,doctors,,,봉오재3로,44,,,2,
37.54427669,126.6772375,서곶이좋은치과의원,"인천광역시 서구 서곶로 300, 202호 (심곡동, 엄지빌딩)",+82 32 566 1345,2020-08-28,dentist,,,서곶로,300,,,,202
37.53341248,126.6401035,킵슨의원,"인천광역시 서구 청라루비로 93 (경서동, 루비타워)",+82 32 567 5337,2020-08-28,doctors,,,청라루비로,93,,,,
37.51928341,126.6733119,굿드림치과의원,"인천광역시 서구 가정로 386, 3층 (가정동, 신협)",+82 32 272 2828,2020-08-28,dentist,,,가정로,386,,,3,
37.59206421,126.6730073,바로튼튼정형외과의원,"인천광역시 서구 서곶로 837, 3~4층 (당하동)",+82 32 565 1175,2020-08-28,doctors,,,서곶로,837,당하동,,,
37.56518178,126.6749553,검암우리손내과의원,"인천광역시 서구 승학로 498, 301~304호 (검암동, 서해프라자)",+82 32 561 7075,2020-08-28,doctors,,,승학로,498,,,,301-304
37.53199817,126.6401292,청라센트럴안과의원,,+82 32 582 0079,2020-08-28,doctors,,,크리스탈로74번길,31,경서동,,,501-502
37.53388963,126.650289,클린업피부과의원,"인천광역시 서구 중봉대로 610, 403~405호 (청라동, 마루힐프라자)",+82 32 569 7590,2020-08-28,doctors,,,중봉대로,610,,,,403-405
37.53259946,126.6454132,이가튼튼치과의원,"인천광역시 서구 청라커낼로260번길 7-9, 204~206호 (경서동, 반안프라자2차)",+82 32 710 2820,2020-08-28,dentist,,,청라커낼로260번길,7-9,,,,204-206
37.53341248,126.6401035,바로이비인후과의원,"인천광역시 서구 청라루비로 93, 403호 (경서동, 루비타워)",+82 32 561 5085,2020-08-28,doctors,,,청라루비로,93,,,,403
37.5334429,126.6529899,연세원비뇨의학과의원,"인천광역시 서구 청라라임로 65, 501호 (청라동, 라임타워)",+82 32 583 1313,2020-08-28,doctors,,,청라라임로,65,,,,501
37.53259946,126.6454132,서울경희한의원,"인천광역시 서구 청라커낼로260번길 7-9, 201호 (경서동, 반안프라자2차)",+82 32 563 9803,2020-08-28,doctors,acupuncture,,청라커낼로260번길,7-9,,,,201
37.53388963,126.650289,청라우림치과의원,"인천광역시 서구 중봉대로 610, 503~504호 (청라동, 마루힐프라자)",+82 32 564 2285,2020-08-28,dentist,,,중봉대로,610,,,,503-504
37.54357481,126.6765143,마음정신건강의학과의원,,+82 32 226 7302,2020-08-28,doctors,,,서곶로,293,심곡동,,,
37.53388963,126.650289,강경하한의원,"인천광역시 서구 중봉대로 610, 203~204호 (청라동, 마루힐프라자)",+82 32 715 7862,2020-08-28,doctors,acupuncture,,중봉대로,610,,,,203-204
37.53341248,126.6401035,청라다온치과의원,"인천광역시 서구 청라루비로 93, 303~304호 (경서동, 루비타워)",+82 32 563 2804,2020-08-28,dentist,,,청라루비로,93,,,,303-304
37.60180142,126.6576142,미래안소아청소년과의원,"인천광역시 서구 검단로 480, 510호 (왕길동, 검단리치웰프라자)",+82 32 568 5255,2020-08-28,doctors,,,검단로,480,,,,510
37.60293526,126.6606629,나은미소치과의원,"인천광역시 서구 검단로 508, 401~402호 (마전동, 이지준프라자)",+82 32 568 2270,2020-08-28,dentist,,,검단로,508,,,,401-402
37.51208845,126.6728849,참플란트치과의원,,+82 32 277 7528,2020-08-28,dentist,,,가정로308번길,2,석남동,,,302
37.52946925,126.6656873,아이(i)제일소아청소년과의원,"인천광역시 서구 봉오재3로 42, 201호 (가정동, 다온프라자)",+82 32 564 9110,2020-08-28,doctors,,,봉오재3로,42,,,,201
37.53199817,126.6401292,로빈한의원,"인천광역시 서구 크리스탈로74번길 31, 401~402호 (경서동, 월드프라자)",+82 32 561 5675,2020-08-28,doctors,acupuncture,,크리스탈로74번길,31,,,,401-402
37.53208993,126.6449812,도원한의원,"인천광역시 서구 청라커낼로 264, 406호 (경서동, 청라두손중앙프라자)",+82 32 564 5640,2020-08-28,doctors,acupuncture,,청라커낼로,264,,,,406
37.49526897,126.6844116,이룸의원,"인천광역시 서구 건지로 402, 201, 301호 (가좌동, 가좌한신휴플러스)",+82 32 577 2624,2020-08-28,doctors,,,건지로,402,,,,301
37.59659357,126.6402804,365검단열린의원,"인천광역시 서구 단봉로 97-7, 305~306호 (오류동, 오류센터프라자)",+82 32 561 0365,2020-08-28,doctors,,,단봉로,97-7,,,,305-306
37.52970839,126.665321,의료법인순의료재단가정성모의원,"인천광역시 서구 청중로 486, 303~304호, 401~402호 (가정동, 부일프라자)",+82 32 565 7586,2020-08-28,doctors,,,청중로,486,,,,401-402
37.53208993,126.6449812,진정형외과의원,"인천광역시 서구 청라커낼로 264, 403~404호 (경서동, 청라두손중앙프라자)",+82 32 566 0085,2020-08-28,doctors,,,청라커낼로,264,,,,403-404
37.53208993,126.6449812,청라퍼스트치과의원,"인천광역시 서구 청라커낼로 264, 504~505호 (경서동, 청라두손중앙프라자)",+82 32 575 2875,2020-08-28,dentist,,,청라커낼로,264,,,,504-505
37.53207737,126.6368353,제대로정형외과마취통증의학과의원,"인천광역시 서구 크리스탈로 78, 4층 (청라동, 엘림존)",+82 1522 7235,2020-08-28,doctors,,,크리스탈로,78,,,4,
37.53199817,126.6401292,청라우리정형외과의원,"인천광역시 서구 크리스탈로74번길 31, 303~306호 (경서동, 월드프라자)",+82 32 777 7582,2020-08-28,doctors,,,크리스탈로74번길,31,,,,303-306
37.60318842,126.6551885,의료법인성세의료재단검단성민의원,"인천광역시 서구 완정로 192, 1층 일부, 2층 (마전동, 베스트프라자)",+82 32 726 1001,2020-08-28,doctors,,,완정로,192,,,2,
37.53199817,126.6401292,다정한내과의원,"인천광역시 서구 크리스탈로74번길 31, 403~404, 406호 (청라동, 월드프라자)",+82 32 562 7511,2020-08-28,doctors,,,크리스탈로74번길,31,,,,406
37.52370315,126.6240684,서울샤인치과의원,,+82 32 563 2842,2020-08-28,dentist,,,솔빛로,24,경서동,,,301
37.53336714,126.6502984,이바른치과교정과치과의원,"인천광역시 서구 중봉대로 602, 104호 (청라동, 청라에스엔씨)",+82 32 715 4494,2020-08-28,dentist,,,중봉대로,602,,,,104
37.50382375,126.6718775,호선한의원,,+82 32 578 1075,2020-08-28,doctors,acupuncture,,가정로,213,석남동,,1,
37.60293526,126.6606629,검단나은의원,"인천광역시 서구 검단로 508, 3층 (마전동, 이지준프라자)",+82 32 590 5700,2020-08-28,doctors,,,검단로,508,,,3,
37.51848254,126.6726021,맑은코아이비인후과의원,"인천광역시 서구 가정로 375, 312호 (신현동, 금강아미움)",+82 32 571 5251,2020-08-28,doctors,,,가정로,375,,,,312
37.55886607,126.6526799,튼튼의원,"인천광역시 서구 도요지로 22, 202호 (경서동, 대영프라자)",+82 32 567 6790,2020-08-28,doctors,,,도요지로,22,,,,202
37.53256502,126.6502789,파랑새치과의원,"인천광역시 서구 중봉대로 594, 501~505호 (청라동, 청라비전프라자)",+82 32 715 5672,2020-08-28,dentist,,,중봉대로,594,,,,501-505
37.53199817,126.6401292,청라치과의원,"인천광역시 서구 크리스탈로74번길 31, 503~505호 (경서동, 월드프라자)",+82 32 584 2828,2020-08-28,dentist,,,크리스탈로74번길,31,,,,503-505
37.53398199,126.6568157,청라나눔내과의원,"인천광역시 서구 청라에메랄드로102번길 8, 303~304호 (청라동, 우성메디피아)",+82 32 567 0750,2020-08-28,doctors,,,청라에메랄드로102번길,8,,,,303-304
37.53338225,126.6516219,청라꾸러기치과의원,"인천광역시 서구 중봉대로612번길 10-16, 502~504호 (연희동, 마르씨엘)",+82 32 267 2875,2020-08-28,dentist,,,중봉대로612번길,10-16,,,,502-504
37.53371902,126.6401206,에이플러스365청라가정의학과의원,"인천광역시 서구 청라루비로 95, 301~302호 (경서동, 경연프라자)",+82 32 566 4834,2020-08-28,doctors,,,청라루비로,95,,,,301-302
37.5339005,126.6520312,청라리아한의원,"인천광역시 서구 중봉대로612번길 10-17, 307~308호 (청라동, 주차타워동)",+82 32 565 4975,2020-08-28,doctors,acupuncture,,중봉대로612번길,10-17,주차타워동,,,307-308
37.52011346,126.6734103,올바른치과의원,"인천광역시 서구 가정로394번길 1, 302호 (가정동, 백천빌딩)",+82 32 575 2879,2020-08-28,dentist,,,가정로394번길,1,,,,302
37.59391194,126.6973539,루브르치과의원,"인천광역시 서구 원당대로 861, 301~302호 (원당동, 원당프라자)",+82 32 715 8266,2020-08-28,dentist,,,원당대로,861,,,,301-302
37.52969433,126.665672,맑은미소치과의원,"인천광역시 서구 봉오재3로 40, 201호 (가정동, 가정프라자)",+82 32 567 2879,2020-08-28,dentist,,,봉오재3로,40,,,,201
37.50354957,126.6723347,팔팔마취통증의학과의원,"인천광역시 서구 가정로 212, 3,6층 (석남동)",+82 32 582 7588,2020-08-28,doctors,,,가정로,212,석남동,,,
37.53400038,126.6528893,토파즈성형외과의원,"인천광역시 서구 청라라임로 71, 503호 (청라동, 진영메디피아)",+82 32 566 5790,2020-08-28,doctors,,,청라라임로,71,,,,503
37.51848254,126.6726021,365별소아청소년과의원,"인천광역시 서구 가정로 375, 302호 (신현동, 금강아미움)",+82 32 581 9900,2020-08-28,doctors,,,가정로,375,,,,302
37.59421414,126.6123209,미소드림치과의원,"인천광역시 서구 보듬5로 5, 303호 (오류동, 오덕프라자)",+82 32 562 5500,2020-08-28,dentist,,,보듬5로,5,,,,303
37.53336714,126.6502984,더예쁨의원,,+82 32 716 6110,2020-08-28,doctors,,,중봉대로,602,청라동,,,101
37.5339005,126.6520312,닥터케어스치과의원,"인천광역시 서구 중봉대로612번길 10-17, 309호 (청라동, 주차타워동)",+82 32 566 2080,2020-08-28,dentist,,,중봉대로612번길,10-17,주차타워동,,,309
37.52970839,126.665321,소나무한의원,"인천광역시 서구 청중로 486, 202~203호 (가정동, 부일프라자)",+82 32 575 9001,2020-08-28,doctors,acupuncture,,청중로,486,,,,202-203
37.59328607,126.6742991,검단연합의원,"인천광역시 서구 원당대로 660, 401호, 402호 일부 (당하동, 영프라자)",+82 32 569 8823,2020-08-28,doctors,,,원당대로,660,,,,402
37.52563936,126.6309678,문내과의원,,+82 32 561 7515,2020-08-28,doctors,,,옥빛로,4,경서동,,2,
37.56670028,126.6826369,사과나무소아청소년과의원,,+82 32 561 9575,2020-08-28,doctors,,,승학로,567,검암동,,,301
37.61358187,126.6603702,마전참사랑의원,,+82 32 566 0172,2020-08-28,doctors,,,마전로5번길,22-1,마전동,,2,
37.56740074,126.6832358,두일한의원,"인천광역시 서구 승학로 577, 301호 (검암동, 장은프라자)",+82 32 568 2175,2020-08-28,doctors,acupuncture,,승학로,577,,,,301
37.54262715,126.6763726,이너스피부과의원,,+82 32 262 1777,2020-08-28,doctors,,,서곶로,281,심곡동,,3,
37.59328607,126.6742991,검단정플란트치과의원,"인천광역시 서구 원당대로 660, 1001호 (당하동, 영플라자)",+82 32 562 1128,2020-08-28,dentist,,,원당대로,660,,,,1001
37.53336714,126.6502984,청라아이맘한의원,,+82 32 562 7075,2020-08-28,doctors,acupuncture,,중봉대로,602,청라동,,,106
37.51236746,126.6728573,강남의원,"인천광역시 서구 가정로 308, 301호, 302호 일부 (석남동, 석남프라자)",+82 32 574 7582,2020-08-28,doctors,,,가정로,308,,,,302
37.53336714,126.6502984,청라이플란트치과의원,,+82 32 715 4587,2020-08-28,dentist,,,중봉대로,602,청라동,,,105
37.53205115,126.6502542,서울삼성치과의원,"인천광역시 서구 중봉대로 588, 303~304호 (청라동, 청라센트럴프라자)",+82 32 567 5755,2020-08-28,dentist,,,중봉대로,588,,,,303-304
37.53214453,126.6529114,봄날한의원,"인천광역시 서구 청라라임로 51, 210호 (청라동, 청라에일린의뜰)",+82 32 564 8875,2020-08-28,doctors,acupuncture,,청라라임로,51,,,,210
37.51848254,126.6726021,아나파나마취통증의학과의원,"인천광역시 서구 가정로 375, 303호 (신현동, 금강아미움)",+82 32 572 7579,2020-08-28,doctors,,,가정로,375,,,,303
37.53400038,126.6528893,서울갤러리치과의원,"인천광역시 서구 청라라임로 71, 307호 (청라동, 진영메디피아)",+82 32 568 5772,2020-08-28,dentist,,,청라라임로,71,,,,307
37.4933967,126.6845801,좋은아침한의원,"인천광역시 서구 원적로96번길 26, 203호 일부, 204~205호 (가좌동)",+82 32 715 8075,2020-08-28,doctors,acupuncture,,원적로96번길,26,가좌동,,,204-205
37.51848254,126.6726021,새힘정형외과의원,"인천광역시 서구 가정로 375, 306~308호 (신현동, 금강아미움)",+82 32 583 2014,2020-08-28,doctors,,,가정로,375,,,,306-308
37.50326879,126.6730069,서울휴플러스치과의원,,+82 32 576 7528,2020-08-28,dentist,,,거북로,99,석남동,,2,
37.59069418,126.6729636,코안이비인후과의원,"인천광역시 서구 서곶로 823, 2층 (당하동, 송산프라자1)",+82 32 773 8275,2020-08-28,doctors,,,서곶로,823,,,2,
37.5655515,126.6749827,보아스이비인후과의원,"인천광역시 서구 승학로 497, 204호 (검암동, 검암프라자)",+82 32 563 2297,2020-08-28,doctors,,,승학로,497,,,,204
37.53256502,126.6502789,라임의원,"인천광역시 서구 중봉대로 594, 504~505호 (청라동, 청라비전프라자)",+82 32 564 5388,2020-08-28,doctors,,,중봉대로,594,,,,504-505
37.49526897,126.6844116,햇살한의원,"인천광역시 서구 건지로 402, 402동 304~305호 (가좌동, 가좌한신휴플러스)",+82 32 575 1275,2020-08-28,doctors,acupuncture,,건지로,402,,,,304-305
37.51848254,126.6726021,우리편한내과의원,"인천광역시 서구 가정로 375, 405~406호 (신현동, 금강아미움)",+82 32 577 1195,2020-08-28,doctors,,,가정로,375,,,,405-406
37.52370315,126.6240684,청라튼튼소아청소년과의원,"인천광역시 서구 솔빛로 24, 2층 (경서동, 부영프라자)",+82 32 564 5955,2020-08-28,doctors,,,솔빛로,24,,,2,
37.5334429,126.6529899,부모와아이마음의원,"인천광역시 서구 청라라임로 65, 402호 (청라동, 라임타워)",+82 32 562 5248,2020-08-28,doctors,,,청라라임로,65,,,,402
37.49526897,126.6844116,서울보스톤치과의원,"인천광역시 서구 건지로 402, 402동 302~303호 (가좌동, 한신휴플러스상가)",+82 32 575 2801,2020-08-28,dentist,,,건지로,402,,,,302-303
37.5334429,126.6529899,길벗내과의원,"인천광역시 서구 청라라임로 65, 4층 409~410호 (청라동, 라임타워)",+82 32 576 5900,2020-08-28,doctors,,,청라라임로,65,,,4,409-410
37.5655515,126.6749827,서울리더스치과의원,"인천광역시 서구 승학로 497, 301~302호 (검암동, 검암프라자)",+82 32 566 1275,2020-08-28,dentist,,,승학로,497,,,,301-302
37.52553489,126.6305059,맑은미소치과의원 (청라),,+82 32 566 2879,2020-08-28,dentist,,,솔빛로,86,경서동,,2,
37.53209493,126.6509323,마음행복정신건강의학과의원,"인천광역시 서구 중봉대로586번길 9-4, 504~505호 (청라동, 쓰리엠타워)",+82 32 566 0700,2020-08-28,doctors,,,중봉대로586번길,9-4,,,,504-505
37.51848254,126.6726021,연세권치과의원,"인천광역시 서구 가정로 375, 309호 (신현동, 금강아미움)",+82 32 584 2804,2020-08-28,dentist,,,가정로,375,,,,309
37.59794547,126.637187,경희다정한의원,"인천광역시 서구 봉화로 51, 102호 (오류동, 송화빌딩)",+82 32 565 2388,2020-08-28,doctors,acupuncture,,봉화로,51,,,,102
37.59328607,126.6742991,비아뜨의원,"인천광역시 서구 원당대로 660, 402호 일부,403호 (당하동, 영프라자)",+82 32 563 2272,2020-08-28,doctors,,,원당대로,660,,,,"일부,403"
37.53205115,126.6502542,청라아트치과의원,"인천광역시 서구 중봉대로 588, 901~902호 (청라동, 청라센트럴프라자)",+82 32 572 2805,2020-08-28,dentist,,,중봉대로,588,,,,901-902
37.53205115,126.6502542,빛안과의원,"인천광역시 서구 중봉대로 588, 404호 (청라동, 청라센트럴프라자)",+82 32 567 7544,2020-08-28,doctors,,,중봉대로,588,,,,404
37.5334429,126.6529899,청라바른정형외과의원,"인천광역시 서구 청라라임로 65, 503~510호 (청라동, 라임타워)",+82 32 584 7300,2020-08-28,doctors,,,청라라임로,65,,,,503-510
37.5173603,126.6737644,365스마일한의원,,+82 32 575 4600,2020-08-28,doctors,acupuncture,,가경주로,46,가정동,,2,
37.53256502,126.6502789,휴먼피부과의원 청라점,"인천광역시 서구 중봉대로 594, 303호, 401~405호 (청라동, 청라비전프라자)",+82 32 283 3335,2020-08-28,doctors,,,중봉대로,594,,,,401-405
37.5334429,126.6529899,청라오치과의원,"인천광역시 서구 청라라임로 65, 403호 (연희동, 라임타워)",+82 32 569 2855,2020-08-28,dentist,,,청라라임로,65,,,,403
37.5334429,126.6529899,소통부부한의원,"인천광역시 서구 청라라임로 65, 404~405호 (청라동, 라임타워)",+82 32 568 3375,2020-08-28,doctors,acupuncture,,청라라임로,65,,,,404-405
37.5334429,126.6529899,파크뷰의원,"인천광역시 서구 청라라임로 65, 401호 ,406~408호 (청라동, 라임타워)",+82 32 565 3300,2020-08-28,doctors,,,청라라임로,65,,,,",406-408"
37.56486457,126.6731838,민치과의원,"인천광역시 서구 승학로 481, 3층 (검암동, 대가빌딩)",+82 32 583 7528,2020-08-28,dentist,,,승학로,481,,,3,
37.59208742,126.6726672,권창규소아청소년과의원,"인천광역시 서구 청마로19번길 20, 202호 (당하동, 검단서울여성병원빌딩)",+82 32 568 1475,2020-08-28,doctors,,,청마로19번길,20,,,,202
37.54409414,126.6746154,속편한외과 의원,,+82 32 719 8740,2020-08-28,doctors,,,탁옥로,45,심곡동,,,
37.50987002,126.6695083,성민치과의원,"인천광역시 서구 신석로 68, 4~5층 (석남동)",+82 32 577 2870,2020-08-28,dentist,,,신석로,68,석남동,,,
37.53400038,126.6528893,청라성모정형외과의원,"인천광역시 서구 청라라임로 71, 301~304호, 308~309호 (청라동, 진영메디피아)",+82 32 567 3334,2020-08-28,doctors,,,청라라임로,71,,,,308-309
37.53205115,126.6502542,인애한의원,"인천광역시 서구 중봉대로 588, 709호 (청라동, 청라센트럴프라자)",+82 32 568 4848,2020-08-28,doctors,acupuncture,,중봉대로,588,,,,709
37.51831811,126.6732045,닥터함치과의원,,+82 32 575 0075,2020-08-28,dentist,,,가정로,374,가정동,,,
37.51154959,126.6722384,경희약손한의원,,+82 32 574 7575,2020-08-28,doctors,acupuncture,,가정로,297,석남동,,,
37.5934259,126.6949504,닥터킨베인의원,"인천광역시 서구 원당대로 840, 2층, 3층 일부 (당하동)",+82 32 562 0002,2020-08-28,doctors,,,원당대로,840,당하동,,3,
37.48874461,126.6835196,원치과의원,,+82 32 583 0275,2020-08-28,dentist,,,고래울로,4,가좌동,,,
37.59541484,126.6705019,참조은박치과의원,"인천광역시 서구 완정로 31, 302호 (마전동, 동아프라자)",+82 32 561 2879,2020-08-28,dentist,,,완정로,31,,,,302
37.53237628,126.6487436,서울삼성의원,"인천광역시 서구 중봉대로 587 (경서동, 홈플러스청라점)",+82 32 564 9970,2020-08-28,doctors,,,중봉대로,587,,,,
37.53237628,126.6487436,모드니치과의원,"인천광역시 서구 중봉대로 587, 지하2층 (경서동, 홈플러스 청라점)",+82 32 568 2735,2020-08-28,dentist,,,중봉대로,587,,,-2,
37.55029979,126.6744038,연세연희치과의원,,+82 32 528 2825,2020-08-28,dentist,,,승학로,320,연희동,,,
37.58547445,126.6767246,이푸른소아청소년과의원,"인천광역시 서구 서곶로 754, 3층 (당하동, 검단이마트)",+82 32 566 3094,2020-08-28,doctors,,,서곶로,754,,,3,
37.51779537,126.6731912,신현한의원,,+82 32 573 7555,2020-08-28,doctors,acupuncture,,가정로,370,가정동,,,
37.52530117,126.6297748,경희명한의원,,+82 32 564 8123,2020-08-28,doctors,acupuncture,,푸른로,3,경서동,,,
37.54409414,126.6746154,현대아이비의원,,+82 32 564 0754,2020-08-28,doctors,,,탁옥로,45,심곡동,,3,
37.59696944,126.6677339,파스텔치과의원,"인천광역시 서구 완정로 61, 3층 (마전동, 윤성프라자)",+82 32 563 2080,2020-08-28,dentist,,,완정로,61,,,3,
37.53205115,126.6502542,드림재활의학과의원,,+82 32 561 7177,2020-08-28,doctors,,,중봉대로,588,청라동,,,
37.53400038,126.6528893,청라건강한내과의원,"인천광역시 서구 청라라임로 71, 5층 (청라동, 진영메디피아)",+82 32 567 8009,2020-08-28,doctors,,,청라라임로,71,,,5,
37.52530117,126.6297748,청라준이비인후과의원,,+82 32 582 5252,2020-08-28,doctors,,,푸른로,3,경서동,,,
37.53030251,126.6478306,마트소아청소년과의원,,+82 32 568 6977,2020-08-28,doctors,,,청라커낼로,252,경서동,,,
37.49278194,126.6860157,가좌연세정형외과의원,,+82 32 297 1001,2020-08-28,doctors,,,장고개로337번길,7,가좌동,,,
37.51813807,126.673219,경희봉한의원,,+82 32 575 3123,2020-08-28,doctors,acupuncture,,가정로,372,가정동,,,
37.5254132,126.6301121,청라리더스치과의원,,+82 32 563 2875,2020-08-28,dentist,,,솔빛로,82,경서동,,3,
37.59510977,126.6722172,라벨의원,"인천광역시 서구 완정로 18, 6층 (마전동, 한윤빌딩)",+82 32 566 7533,2020-08-28,doctors,,,완정로,18,,,6,
37.53400038,126.6528893,청라밝은의원,"인천광역시 서구 청라라임로 71, 506호 (청라동, 진영메디피아)",+82 32 561 2804,2020-08-28,doctors,,,청라라임로,71,,,,506
37.53205115,126.6502542,연세어린이치과의원,"인천광역시 서구 중봉대로 588, 401~402호 (청라동, 청라센트럴프라자)",+82 32 572 2875,2020-08-28,dentist,,,중봉대로,588,,,,401-402
37.59394436,126.6970249,원당한의원,"인천광역시 서구 원당대로 859, 301호 (원당동, 원당메디칼프라자)",+82 32 567 0175,2020-08-28,doctors,acupuncture,,원당대로,859,,,,301
37.51779537,126.6731912,스마트치과의원,,+82 32 202 7272,2020-08-28,dentist,,,가정로,370,가정동,,3,
37.51738466,126.6727233,미라클비뇨기과의원,"인천광역시 서구 가정로 363, 3층 (신현동, 그린빌딩)",+82 32 572 8275,2020-08-28,doctors,,,가정로,363,,,3,
37.52011346,126.6734103,인천수내과의원,,+82 32 584 5599,2020-08-28,doctors,,,가정로394번길,1,가정동,,,
37.56550151,126.6753458,정우정형외과의원,,+82 32 566 5986,2020-08-28,doctors,,,승학로,501,검암동,,,
37.59800993,126.667319,인우당한의원,,+82 32 563 8575,2020-08-28,doctors,acupuncture,,완정로,70,마전동,,,
37.56548679,126.6740331,늘푸른연세이비인후과의원,"인천광역시 서구 승학로 491, 403호 (검암동, 고산프라자)",+82 32 568 4327,2020-08-28,doctors,,,승학로,491,,,,403
37.53345037,126.6568139,청라함소아(含笑兒)한의원,"인천광역시 서구 청라에메랄드로 94, 301호 (청라동, 인천 청라빌딩)",+82 32 568 1331,2020-08-28,doctors,acupuncture,,청라에메랄드로,94,,,,301
37.53212602,126.6568263,청라의원,"인천광역시 서구 청라에메랄드로 78, 305호 (청라동, 딜라이트타워)",+82 32 208 7711,2020-08-28,doctors,,,청라에메랄드로,78,,,,305
37.53212602,126.6568263,한결치과의원,,+82 32 567 2873,2020-08-28,dentist,,,청라에메랄드로,78,청라동,,,301-302
37.59738865,126.6396884,송앤정치과의원,"인천광역시 서구 단봉로 107, 302호 (왕길동, 성우프라자)",+82 32 564 2754,2020-08-28,dentist,,,단봉로,107,,,,302
37.59800993,126.667319,개구쟁이소아청소년과의원,,+82 32 561 7567,2020-08-28,doctors,,,완정로,70,마전동,,,204
37.60272912,126.6599645,민경준한의원,,+82 32 566 0068,2020-08-28,doctors,acupuncture,,검단로502번길,1,마전동,,,
37.59738865,126.6396884,연세가정의학과의원,"인천광역시 서구 단봉로 107, 301호 (왕길동, 성우프라자)",+82 32 563 5575,2020-08-28,doctors,,,단봉로,107,,,,301
37.59328607,126.6742991,규림한의원,"인천광역시 서구 원당대로 660, 302호 (당하동, 영프라자)",+82 32 569 1075,2020-08-28,doctors,acupuncture,,원당대로,660,,,,302
37.50297214,126.6722658,거북한의원,,+82 32 577 3650,2020-08-28,doctors,acupuncture,,가정로,204,석남동,,,
37.53398199,126.6568157,행복드림치과의원,,+82 32 567 7082,2020-08-28,dentist,,,청라에메랄드로102번길,8,연희동,,,
37.49314401,126.6853535,삼성키즈소아청소년과의원,"인천광역시 서구 장고개로337번길 16, 402동 202호 (가좌동,가좌한신휴플러스상가)",+82 32 578 7582,2020-08-28,doctors,,,장고개로337번길,16,,,,202
37.53383894,126.6278877,단비한의원,,+82 32 561 1075,2020-08-28,doctors,acupuncture,,청라한내로,96,청라동,,,306
37.53205115,126.6502542,코아이비인후과의원,,+82 32 575 7582,2020-08-28,doctors,,,중봉대로,588,연희동,,,
37.61842629,126.6930754,우리미래소아청소년과의원,,+82 32 565 5677,2020-08-28,doctors,,,검단로,836,불로동,,,
37.59328607,126.6742991,드림라인치과교정과치과의원,"인천광역시 서구 원당대로 660, 501호 (당하동, 영프라자)",+82 32 567 2885,2020-08-28,dentist,,,원당대로,660,,,,501
37.49477112,126.6825884,미소담은치과의원,,+82 32 578 7528,2020-08-28,dentist,,,원적로,96,가좌동,,,
37.53205115,126.6502542,덕인한의원,"인천광역시 서구 중봉대로 588, 306호 (청라동, 센트럴프라자)",+82 32 554 7521,2020-08-28,doctors,acupuncture,,중봉대로,588,,,,306
37.53400038,126.6528893,신농씨한의원,"인천광역시 서구 청라라임로 71, 5층 505호 (청라동, 진영메디피아)",+82 32 568 1075,2020-08-28,doctors,acupuncture,,청라라임로,71,,,5,505
37.53214453,126.6529114,안앤정치과의원,"인천광역시 서구 청라라임로 51, 201~203호 (청라동, 청라에일린의뜰)",+82 32 568 2275,2020-08-28,dentist,,,청라라임로,51,,,,201-203
37.53080225,126.6513515,청라탑치과의원,"인천광역시 서구 중봉대로586번길 22, B동 203~204호 (청라동, 청라엑슬루타워상가)",+82 32 567 2804,2020-08-28,dentist,,,중봉대로586번길,22,,B,,203-204
37.53547052,126.6451351,아이비소아청소년과의원,"인천광역시 서구 청라라임로 51, 208호 (청라동, 에일린의뜰)",+82 32 473 7575,2020-08-28,doctors,,,청라라임로,51,,,,208
37.53400038,126.6528893,예미담치과의원,"인천광역시 서구 청라라임로 71, 403~404호, 406호 (청라동, 진영메디피아)",+82 32 667 2828,2020-08-28,dentist,,,청라라임로,71,,,,406
37.49314401,126.6853535,사과치과의원,"인천광역시 서구 장고개로337번길 16, 401동 303~305호 (가좌동, 한신휴플러스단지내상가)",+82 32 576 2804,2020-08-28,dentist,,,장고개로337번길,16,,,,303-305
37.53400038,126.6528893,해맑은소아청소년과의원,"인천광역시 서구 청라라임로 71, 405호 (청라동, 진영메디피아)",+82 32 569 7588,2020-08-28,doctors,,,청라라임로,71,,,,405
37.53400038,126.6528893,열린성모이비인후과의원,"인천광역시 서구 청라라임로 71, 504호 (청라동, 진영메디피아)",+82 32 885 8275,2020-08-28,doctors,,,청라라임로,71,,,,504
37.51866094,126.6732437,신현굿모닝치과의원,"인천광역시 서구 가정로 378, 2층 (가정동, 동아빌딩)",+82 32 578 2842,2020-08-28,dentist,,,가정로,378,,,2,
37.56613006,126.6767609,서인천치과의원,,+82 32 562 7582,2020-08-28,dentist,,,서곶로,543,검암동,,,
37.53205115,126.6502542,청라행복내과의원,"인천광역시 서구 중봉대로 588, 506~507호 (청라동, 청라센트럴프라자)",+82 32 569 8000,2020-08-28,doctors,,,중봉대로,588,,,,506-507
37.61355929,126.6856285,서울정형외과의원,"인천광역시 서구 검단로768번길 2, 2~4층 (불로동, 불로메디칼)",+82 32 568 8819,2020-08-28,doctors,,,검단로768번길,2,,,,
37.59328487,126.6968665,이플러스치과의원,"인천광역시 서구 원당대로 860, 301호 (당하동, 보람프라자)",+82 32 565 7528,2020-08-28,dentist,,,원당대로,860,,,,301
37.59328487,126.6968665,조은정신건강의학과의원,"인천광역시 서구 원당대로 860, 803호 (당하동, 보람프라자)",+82 32 564 6655,2020-08-28,doctors,,,원당대로,860,,,,803
37.49456871,126.6814046,고은미래의원,"인천광역시 서구 원적로 85, 4층 (가좌동, 우신프라자)",+82 32 579 7677,2020-08-28,doctors,,,원적로,85,,,4,
37.60192471,126.6565702,검단서울치과의원,,+82 32 563 3528,2020-08-28,dentist,,,검단로,469,왕길동,,2,
37.60147146,126.6587073,검단어린이치과의원,"인천광역시 서구 완정로 153, 601호 (왕길동, 이레메디칼센타)",+82 32 563 5275,2020-08-28,dentist,,,완정로,153,,,,601
37.54412585,126.6758369,연희보스톤치과의원,,+82 32 562 2825,2020-08-28,dentist,,,탁옥로,55,심곡동,,,203
37.59800993,126.667319,손한나의원,"인천광역시 서구 완정로 70, 212~216호 (마전동, 영남탑스빌웰빙타운)",+82 32 563 3113,2020-08-28,doctors,,,완정로,70,,,,212-216
37.59800993,126.667319,속편안내과의원,"인천광역시 서구 완정로 70, 2층 (마전동, 영남탑스빌 웰빙타운)",+82 32 561 6060,2020-08-28,doctors,,,완정로,70,,,2,
37.60192471,126.6565702,미래안마취통증의학과의원,,+82 70 8672 0011,2020-08-28,doctors,,,검단로,469,왕길동,,3,
37.5655515,126.6749827,선소아청소년과의원,"인천광역시 서구 승학로 497, 401호 (검암동, 검암프라자)",+82 32 568 8277,2020-08-28,doctors,,,승학로,497,,,,401
37.61340426,126.6854613,불로치과의원,"인천광역시 서구 검단로 764, 4층 (불로동, 웅현빌딩)",+82 32 567 8975,2020-08-28,dentist,,,검단로,764,,,4,
37.59452805,126.6645729,지오웰치과의원,"인천광역시 서구 원당대로 581, 2층 (마전동, 롯데마트)",+82 32 568 7528,2020-08-28,dentist,,,원당대로,581,,,2,
37.51892599,126.6727752,서울탑프란트치과의원,,+82 32 574 2754,2020-08-28,dentist,,,가정로,379,신현동,,,
37.52168282,126.6727491,김헌일한의원,"인천광역시 서구 가정로 387, 306호 (신현동, 신현이편한세상하늘채 상가)",+82 32 579 1058,2020-08-28,doctors,acupuncture,,가정로,387,,,,306
37.56518178,126.6749553,검암세동한의원,"인천광역시 서구 승학로 498, 205호 (검암동, 서해프라자)",+82 32 568 7533,2020-08-28,doctors,acupuncture,,승학로,498,,,,205
37.60180142,126.6576142,행복담은샘치과의원,"인천광역시 서구 검단로 480, 403~404호 (왕길동, 리치웰프라자)",+82 32 574 2828,2020-08-28,dentist,,,검단로,480,,,,403-404
37.49602482,126.6714274,참고은치과의원,,+82 32 578 7522,2020-08-28,dentist,,,가정로,127,가좌동,,,
37.54262715,126.6763726,연세림치과의원,"인천광역시 서구 서곶로 281, 3층 (심곡동, 자혜정형외과)",+82 32 564 2875,2020-08-28,dentist,,,서곶로,281,,,3,
37.54935999,126.6757671,다나의원,,+82 32 568 2075,2020-08-28,doctors,,,연희로,12,연희동,,2,
37.60164249,126.6571075,굿모닝한의원,"인천광역시 서구 검단로 474, 301호 (왕길동, 뷰비스타운)",+82 32 569 5693,2020-08-28,doctors,acupuncture,,검단로,474,,,,301
37.56670028,126.6826369,수서울치과의원,,+82 32 561 2872,2020-08-28,dentist,,,승학로,567,검암동,,,
37.54215808,126.6723073,연세수의원,,+82 32 567 7731,2020-08-28,doctors,,,심곡로,24,심곡동,,,
37.51057629,126.6722217,연세제일정형외과의원,,+82 32 573 9100,2020-08-28,doctors,,,가정로,287-1,석남동,,,
37.49290599,126.6785502,다사랑한의원,,+82 32 573 1075,2020-08-28,doctors,acupuncture,,신진말로,26,가좌동,,2,
37.59208742,126.6726672,검단서울여성의원,,+82 32 566 1993,2020-08-28,doctors,,,청마로19번길,20,당하동,,,
37.51944582,126.6733316,화목한의원,,+82 32 568 7582,2020-08-28,doctors,acupuncture,,가정로,388,가정동,,,
37.55874393,126.6522407,아이비치과의원,,+82 32 562 2879,2020-08-28,dentist,,,경서로69번길,12,경서동,,,
37.49526897,126.6844116,연세플러스치과의원,,+82 32 573 2275,2020-08-28,dentist,,,건지로,402,가좌동,,,
37.56613006,126.6767609,세계로치과의원,,+82 32 562 1700,2020-08-28,dentist,,,서곶로,543,검암동,,5,
37.55874393,126.6522407,고려가정의원,,+82 32 566 5777,2020-08-28,doctors,,,경서로69번길,12,경서동,,,
37.54890929,126.6773594,중원당한의원,,+82 32 576 1188,2020-08-28,doctors,acupuncture,,서곶로,352,연희동,,,
37.51887016,126.673421,예은치과의원,"인천광역시 서구 가정로 382, 201호 (가정동, 새인천상가)",+82 32 575 5294,2020-08-28,dentist,,,가정로,382,,,,201
37.49737756,126.6771597,경인한의원,,+82 32 571 0246,2020-08-28,doctors,acupuncture,,가석로156번길,19,가좌동,,,
37.51738973,126.6731757,서구푸른세상안과의원,"인천광역시 서구 가정로 364-1, 5층 (가정동, 창대빌딩)",+82 32 584 0006,2020-08-28,doctors,,,가정로,364-1,,,5,
37.50666447,126.6729017,미스토리의원,,+82 32 582 2452,2020-08-28,doctors,,,옻우물로,3,석남동,,,
37.54908007,126.6773224,연희수치과의원,,+82 32 421 2828,2020-08-28,dentist,,,간촌로,4,연희동,,,
37.60325352,126.6545758,맑은숲부부한의원,,+82 32 565 1275,2020-08-28,doctors,acupuncture,,완정로,198,마전동,,2,
37.60211491,126.6582428,보스톤클래식치과의원,,+82 32 561 2875,2020-08-28,dentist,,,검단로,486,마전동,,2,
37.54262715,126.6763726,모아소아청소년과의원,,+82 32 569 6020,2020-08-28,doctors,,,서곶로,281,심곡동,,2,
37.49526897,126.6844116,중화당한의원,"인천광역시 서구 건지로 402, 403동 401호 (가좌동, 가좌한신휴플러스)",+82 32 762 9288,2020-08-28,doctors,acupuncture,,건지로,402,,,,401
37.61326655,126.6860414,연세조내과의원,"인천광역시 서구 검단로768번1길 4, 2~3층 (불로동, 세인빌딩)",+82 32 563 6894,2020-08-28,doctors,,,검단로768번1길,4,,,,
37.49376794,126.6847433,세이프치과의원,,+82 32 571 2080,2020-08-28,dentist,,,원적로100번길,24,가좌동,,2,
37.49314401,126.6853535,연세인이비인후과의원,"인천광역시 서구 장고개로337번길 16, 405호 (가좌동, 가좌한신 휴아파트 상가)",+82 32 581 7582,2020-08-28,doctors,,,장고개로337번길,16,,,,405
37.49314401,126.6853535,믿을신한의원,"인천광역시 서구 장고개로337번길 16, 401동 307호 (가좌동, 가좌한신 휴아파트 상가)",+82 32 571 2330,2020-08-28,doctors,acupuncture,,장고개로337번길,16,,,,307
37.54497025,126.6820571,경희형제한의원,,+82 32 566 5507,2020-08-28,doctors,acupuncture,,심곡로,136,심곡동,,,
37.59328487,126.6968665,바른맥한의원,"인천광역시 서구 원당대로 860, 304호 (당하동, 보람프라자)",+82 32 564 8266,2020-08-28,doctors,acupuncture,,원당대로,860,,,,304
37.54357481,126.6765143,참이비인후과의원,,+82 32 564 0034,2020-08-28,doctors,,,서곶로,293,심곡동,,,
37.59328607,126.6742991,서울수의원,,+82 32 562 7553,2020-08-28,doctors,,,원당대로,660,당하동,,,
37.51308465,126.6773578,명가한의원,"인천광역시 서구 서달로149번길 12-11, 2층 (석남동, 노란빌딩)",+82 32 575 7557,2020-08-28,doctors,acupuncture,,서달로149번길,12-11,,,2,
37.4933222,126.6819353,동화한의원,"인천광역시 서구 원적로 78, 203~204호 (가좌동, 라이프쇼핑센타)",+82 32 577 1775,2020-08-28,doctors,acupuncture,,원적로,78,,,,203-204
37.5494521,126.67675,이해림산부인과의원,"인천광역시 서구 서곶로 355-1, 4층 (연희동, 성우빌딩)",+82 32 564 1800,2020-08-28,doctors,,,서곶로,355-1,,,4,
37.51019969,126.6707806,이편한치과의원,,+82 32 571 7528,2020-08-28,dentist,,,신석로,79,석남동,,2,
37.59414832,126.6950964,원당프라임한의원,"인천광역시 서구 원당대로 841, 401호 (원당동, 골든벨프라자)",+82 32 564 1050,2020-08-28,doctors,acupuncture,,원당대로,841,,,,401
37.59707414,126.6682303,이안치과의원,,+82 32 569 2825,2020-08-28,dentist,,,완정로,60,마전동,,,
37.51387428,126.6658403,경희율도한의원,,+82 32 212 1075,2020-08-28,doctors,acupuncture,,율도로,33,신현동,,2,
37.59707414,126.6682303,참빛한의원,"인천광역시 서구 완정로 60, 203~204호 (마전동, 정안빌딩)",+82 32 566 8897,2020-08-28,doctors,acupuncture,,완정로,60,,,,203-204
37.59395092,126.6749328,검단서울안과의원,"인천광역시 서구 원당대로 663, 401호 (마전동, 한종프라자)",+82 32 569 5333,2020-08-28,doctors,,,원당대로,663,,,,401
37.59678274,126.6687564,유치과의원,"인천광역시 서구 완정로 54, 2층 (마전동, 두영빌딩)",+82 32 569 2875,2020-08-28,dentist,,,완정로,54,,,2,
37.59199662,126.6766206,미래이비인후과의원,"인천광역시 서구 청마로 163, 3층 (당하동, 당하메디컬센터)",+82 32 568 5475,2020-08-28,doctors,,,청마로,163,,,3,
37.59323055,126.6976601,위편한내과의원,"인천광역시 서구 원당대로 866, 301호 (당하동, 세브란스빌딩)",+82 32 565 7881,2020-08-28,doctors,,,원당대로,866,,,,301
37.61842629,126.6930754,행복한이비인후과의원,,+82 32 569 0061,2020-08-28,doctors,,,검단로,836,불로동,,,
37.48907427,126.6831859,가좌성모의원,"인천광역시 서구 장고개로 283, 지하1층, 1층 일부 (가좌동)",+82 32 573 7582,2020-08-28,doctors,,,장고개로,283,가좌동,,1,
37.58547445,126.6767246,미플러스치과의원,"인천광역시 서구 서곶로 754, 3층 (당하동, 당하이마트)",+82 32 568 8828,2020-08-28,dentist,,,서곶로,754,,,3,
37.49477112,126.6825884,가좌정형외과의원,,+82 32 577 1500,2020-08-28,doctors,,,원적로,96,가좌동,,,
37.50339959,126.6718171,굿모닝치과의원,,+82 32 584 4393,2020-08-28,dentist,,,거북로,89,석남동,,,
37.60272912,126.6599645,미담치과의원,,+82 32 569 5100,2020-08-28,dentist,,,검단로502번길,1,마전동,,2,
37.60262669,126.6596718,미추홀치과의원,"인천광역시 서구 검단로 500, 701호 (마전동, 플러스빌딩)",+82 32 882 2875,2020-08-28,dentist,,,검단로,500,,,,701
37.59394436,126.6970249,연세두리소아청소년과의원,"인천광역시 서구 원당대로 859, 302호 (원당동, 원당메디칼프라자)",+82 32 562 6069,2020-08-28,doctors,,,원당대로,859,,,,302
37.59800993,126.667319,다이아치과의원,,+82 32 565 2204,2020-08-28,dentist,,,완정로,70,마전동,,,
37.61651378,126.6896089,해민치과의원,,+82 32 563 2845,2020-08-28,dentist,,,검단로,814-2,불로동,,,
37.59256338,126.6765426,위드치과의원,"인천광역시 서구 청마로 171, 301호 (당하동, 청석빌딩)",+82 32 564 2870,2020-08-28,dentist,,,청마로,171,,,,301
37.60164249,126.6571075,강남산부인과의원,"인천광역시 서구 검단로 474, 405~406호 (왕길동, 뷰비스타운)",+82 32 569 3582,2020-08-28,doctors,,,검단로,474,,,,405-406
37.60164249,126.6571075,연세항외과의원,"인천광역시 서구 검단로 474 (왕길동, 뷰비스타운)",+82 32 568 2259,2020-08-28,doctors,,,검단로,474,,,,
37.56548679,126.6740331,검암우리치과의원,,+82 32 566 0017,2020-08-28,dentist,,,승학로,491,검암동,,,
37.56548679,126.6740331,다봄내과의원,"인천광역시 서구 승학로 491, 3층 (검암동, 고산빌딩)",+82 32 564 1575,2020-08-28,doctors,,,승학로,491,,,3,
37.54362392,126.6760721,참경희한의원,,+82 32 568 2882,2020-08-28,doctors,acupuncture,,탁옥로,58,심곡동,,3,
37.59558141,126.6700913,노블치과의원,"인천광역시 서구 완정로 35, 201호 (마전동, 대운프라자)",+82 32 569 2804,2020-08-28,dentist,,,완정로,35,,,,201
37.51738466,126.6727233,소망안과의원,,+82 32 571 1559,2020-08-28,doctors,,,가정로,363,신현동,,,
37.60993801,126.6704023,늘푸른의원,,+82 32 561 3663,2020-08-28,doctors,,,검단로623번길,4,마전동,,,
37.5938804,126.697762,이튼치과의원,"인천광역시 서구 원당대로 865, 304호 (원당동, 대신프라자)",+82 32 564 2242,2020-08-28,dentist,,,원당대로,865,,,,304
37.60910635,126.6685596,마전미소치과의원,,+82 32 567 2865,2020-08-28,dentist,,,마전로115번길,2-1,마전동,,,
37.59414832,126.6950964,타임치과의원,,+82 32 566 7475,2020-08-28,dentist,,,원당대로,841,원당동,,,
37.49313344,126.6844038,건플란트치과의원,,+82 32 574 2835,2020-08-28,dentist,,,장고개로337번길,18-3,가좌동,,3,
37.49571675,126.6712745,두리가자의원,"인천광역시 서구 가정로 123, 2,5층 (가좌동)",+82 32 574 7500,2020-08-28,doctors,,,가정로,123,가좌동,,,
37.59199662,126.6766206,수한의원,,+82 32 561 8525,2020-08-28,doctors,acupuncture,,청마로,163,당하동,,2,
37.59254753,126.6759314,봄한의원,,+82 32 565 5975,2020-08-28,doctors,acupuncture,,청마로167번길,8,당하동,,,
37.56302147,126.6663347,소망가정의원,인천광역시 서구 심곡로194번길 1~2층 (공촌동),+82 32 564 7582,2020-08-28,doctors,,,심곡로194번길,,공촌동,,,
37.56569737,126.6783533,금산부인과의원,,+82 32 569 0880,2020-08-28,doctors,,,승학로,528,검암동,,,
37.59414832,126.6950964,원당연세메디칼의원,,+82 32 566 5060,2020-08-28,doctors,,,원당대로,841,원당동,,,
37.59323055,126.6976601,유아이씨세정치과의원,,+82 32 569 2828,2020-08-28,dentist,,,원당대로,866,당하동,,,
37.59323055,126.6976601,원당연세정형외과의원,"인천광역시 서구 원당대로 866, 5~6층 (당하동, 세브란스빌딩)",+82 32 569 2400,2020-08-28,doctors,,,원당대로,866,,,,
37.49764798,126.6707428,큰나무의원,,+82 32 571 0011,2020-08-28,doctors,,,가정로151번길,11,가좌동,,,
37.49764798,126.6707428,모아치과의원,,+82 32 572 2800,2020-08-28,dentist,,,가정로151번길,11,가좌동,,,
37.59254753,126.6759314,우리소아과의원,"인천광역시 서구 청마로167번길 8, 2층 (당하동, 강남빌딩)",+82 32 565 0075,2020-08-28,doctors,,,청마로167번길,8,,,2,
37.59558141,126.6700913,병인한의원,,+82 32 565 7582,2020-08-28,doctors,acupuncture,,완정로,35,마전동,,,
37.60227551,126.6565186,성모사랑미의원,,+82 32 569 2525,2020-08-28,doctors,,,완정로,179,왕길동,,,"305,306"
37.59265303,126.6967643,다정한치과의원,"인천광역시 서구 고산후로95번길 20, 4층 (당하동, 힘찬프라자)",+82 32 568 2866,2020-08-28,dentist,,,고산후로95번길,20,,,4,
37.59265303,126.6967643,원당연세이비인후과의원,"인천광역시 서구 고산후로95번길 20, 303호 (당하동, 힘찬프라자)",+82 32 566 7530,2020-08-28,doctors,,,고산후로95번길,20,,,,303
37.59265303,126.6967643,새빛튼튼의원,"인천광역시 서구 고산후로95번길 20, 힘찬프라자 301~302호 (당하동)",+82 32 561 8915,2020-08-28,doctors,,,고산후로95번길,20,당하동,,,301-302
37.51236746,126.6728573,엘림비뇨기과의원,,+82 32 577 7533,2020-08-28,doctors,,,가정로,308,석남동,,,
37.59199662,126.6766206,이앤미치과의원,"인천광역시 서구 청마로 163, 3층 (당하동, 당하메디칼센터)",+82 32 564 2811,2020-08-28,dentist,,,청마로,163,,,3,
37.59254753,126.6759314,당하치과의원,"인천광역시 서구 청마로167번길 8, 302호 (당하동, 강남빌딩)",+82 32 569 0275,2020-08-28,dentist,,,청마로167번길,8,,,,302
37.60227551,126.6565186,정정형외과의원,,+82 32 567 7577,2020-08-28,doctors,,,완정로,179,왕길동,,,
37.60227551,126.6565186,참밝은안과의원,"인천광역시 서구 완정로 179, 3층 (왕길동, 마전메디칼)",+82 32 569 0088,2020-08-28,doctors,,,완정로,179,,,3,
37.56740074,126.6832358,검암웰치과의원,,+82 32 566 2804,2020-08-28,dentist,,,승학로,577,검암동,,,
37.48695753,126.6856767,가좌우리내과의원,,+82 32 576 8575,2020-08-28,doctors,,,고래울로,29,가좌동,,,
37.56663464,126.6832153,서곶한의원,"인천광역시 서구 승학로 574, 303호 (검암동, 현우프라자)",+82 32 568 7755,2020-08-28,doctors,acupuncture,,승학로,574,,,,303
37.60227551,126.6565186,서울현대치과의원,,+82 32 563 7528,2020-08-28,dentist,,,완정로,179,왕길동,,,
37.60227551,126.6565186,고영승이비인후과의원,"인천광역시 서구 완정로 179, 4층 (왕길동, 검단메디컬프라자)",+82 32 568 7585,2020-08-28,doctors,,,완정로,179,,,4,
37.60234218,126.6576272,열린치과의원,"인천광역시 서구 완정로 170, 2층 (마전동, 광성빌딩)",+82 32 567 2405,2020-08-28,dentist,,,완정로,170,,,2,
37.59558141,126.6700913,이정형외과의원,"인천광역시 서구 완정로 35, 301호 (마전동, 대운프라자)",+82 32 561 3382,2020-08-28,doctors,,,완정로,35,,,,301
37.56740074,126.6832358,검암중앙의원,"인천광역시 서구 승학로 577, 305~306호 (검암동, 장은프라자)",+82 32 566 5542,2020-08-28,doctors,,,승학로,577,,,,305-306
37.51236746,126.6728573,강남치과의원,,+82 32 584 7528,2020-08-28,dentist,,,가정로,308,석남동,,,
37.59558141,126.6700913,수이비인후과의원,,+82 32 563 7887,2020-08-28,doctors,,,완정로,35,마전동,,,
37.5681497,126.6833358,미소담치과의원,,+82 32 567 2275,2020-08-28,dentist,,,승학로,587,검암동,,,
37.49501687,126.6828103,인하마취통증의학과의원,,+82 32 583 7275,2020-08-28,doctors,,,원적로,100,가좌동,,,
37.56548679,126.6740331,도담도담한의원,"인천광역시 서구 승학로 491, 202~203호 (검암동, 고산프라자)",+82 32 562 1075,2020-08-28,doctors,acupuncture,,승학로,491,,,,202-203
37.56518178,126.6749553,검암연세치과의원,,+82 32 564 0275,2020-08-28,dentist,,,승학로,498,검암동,,,
37.54357481,126.6765143,서울안과의원,"인천광역시 서구 서곶로 293, 4층 (심곡동, 우민빌딩)",+82 32 562 0111,2020-08-28,doctors,,,서곶로,293,,,4,
37.50354957,126.6723347,연합한의원,,+82 32 574 1075,2020-08-28,doctors,acupuncture,,가정로,212,석남동,,,
37.54515396,126.6799491,새봄부부치과의원,,+82 32 568 8275,2020-08-28,dentist,,,심곡로,135,심곡동,,,206
37.51299056,126.672982,정재운정형외과의원,,+82 32 584 0300,2020-08-28,doctors,,,가정로,316,석남동,,,
37.54415555,126.6736638,현치과의원,"인천광역시 서구 탁옥로 37, 402호 (심곡동, 우리타워)",+82 32 568 2875,2020-08-28,dentist,,,탁옥로,37,,,,402
37.54357481,126.6765143,한림내과의원,,+82 32 567 5767,2020-08-28,doctors,,,서곶로,293,심곡동,,,
37.59199662,126.6766206,조성원내과의원,,+82 32 565 0771,2020-08-28,doctors,,,청마로,163,당하동,,,
37.49528038,126.6813921,현대경희한의원,"인천광역시 서구 원적로95번길 5, 203~204호 (가좌동, 현대상가)",+82 32 577 1075,2020-08-28,doctors,acupuncture,,원적로95번길,5,,,,203-204
37.6131158,126.6862592,둘리한의원,"인천광역시 서구 검단로768번길 10, 401호 (불로동, 창성프라자)",+82 32 563 0095,2020-08-28,doctors,acupuncture,,검단로768번길,10,,,,401
37.51279252,126.6786298,한사랑의원,,+82 32 582 4365,2020-08-28,doctors,,,서달로,159,석남동,,,202
37.49571675,126.6712745,가좌경희한의원,,+82 32 573 3075,2020-08-28,doctors,acupuncture,,가정로,123,가좌동,,,
37.60254472,126.6556304,경희동서한의원,"인천광역시 서구 완정로 187, 201호 (왕길동, 마전메디칼센터)",+82 32 565 7572,2020-08-28,doctors,acupuncture,,완정로,187,,,,201
37.51209874,126.6786307,새하늘치과의원,,+82 32 584 2022,2020-08-28,dentist,,,서달로,151,석남동,,,
37.51320651,126.6729556,신의의원,,+82 32 579 3366,2020-08-28,doctors,,,율도로,98,석남동,,,401
37.50329809,126.672407,장인호치과의원,,+82 32 573 9876,2020-08-28,dentist,,,가정로,208,석남동,,,
37.50296732,126.6726391,고운의원,,+82 32 578 2800,2020-08-28,doctors,,,거북로,98,석남동,,3,
37.49694872,126.6831382,그린산부인과의원,,+82 32 574 3535,2020-08-28,doctors,,,건지로,371,가좌동,,,
37.50329809,126.672407,중국홍원한의원,,+82 32 583 1688,2020-08-28,doctors,acupuncture,,가정로,208,석남동,,,
37.49745413,126.6719336,삼성의원,,+82 32 575 4535,2020-08-28,doctors,,,가정로,142-1,가좌동,,2,
37.49456871,126.6814046,부인당한의원,,+82 32 582 1075,2020-08-28,doctors,acupuncture,,원적로,85,가좌동,,,
37.59328607,126.6742991,한사랑산부인과의원,"인천광역시 서구 원당대로 660, 6,7층 (당하동, 영프라자)",+82 32 561 4313,2020-08-28,doctors,,,원당대로,660,,,,
37.50354957,126.6723347,손태용내과의원,"인천광역시 서구 가정로 212, 4층 (석남동, LA타워)",+82 32 572 0046,2020-08-28,doctors,,,가정로,212,,,4,
37.51738466,126.6727233,플러스치과의원,"인천광역시 서구 가정로 363, 2층 (신현동, 그린빌딩)",+82 32 584 2875,2020-08-28,dentist,,,가정로,363,,,2,
37.5494521,126.67675,하이큐연희내과의원,"인천광역시 서구 서곶로 355-1, 2,3,5층 (연희동)",+82 32 568 2220,2020-08-28,doctors,,,서곶로,355-1,연희동,,,
37.51813807,126.673219,상이비인후과의원,,+82 32 572 7582,2020-08-28,doctors,,,가정로,372,가정동,,2,
37.59510977,126.6722172,진메디칼의원,"인천광역시 서구 완정로 18, 303호 (마전동, 한윤메디칼빌딩)",+82 32 565 9365,2020-08-28,doctors,,,완정로,18,,,,303
37.51738466,126.6727233,엄기영정형외과의원,"인천광역시 서구 가정로 363, 4층 (신현동, 그린빌딩)",+82 32 571 0053,2020-08-28,doctors,,,가정로,363,,,4,
37.52638571,126.6711046,고려재활의학과의원,,+82 32 564 8833,2020-08-28,doctors,,,염곡로464번길,15,가정동,,5,
37.59594378,126.6702661,김경현내과의원,"인천광역시 서구 완정로 36, 2층 일부 (마전동, 한성빌딩)",+82 32 564 7515,2020-08-28,doctors,,,완정로,36,,,2,
37.51738466,126.6727233,흠당한의원,"인천광역시 서구 가정로 363, 2층 (신현동, 그린빌딩)",+82 32 573 7588,2020-08-28,doctors,acupuncture,,가정로,363,,,2,
37.54412585,126.6758369,박경준비뇨기과의원,"인천광역시 서구 탁옥로 55, 301~302호 (심곡동, SM스카이빌)",+82 32 568 9400,2020-08-28,doctors,,,탁옥로,55,,,,301-302
37.61694436,126.6910625,이사랑부부치과의원,,+82 32 567 7528,2020-08-28,dentist,,,검단로,834,불로동,,,
37.49403103,126.6840941,후생한의원,,+82 32 584 1075,2020-08-28,doctors,acupuncture,,원적로96번길,17,가좌동,,,
37.5037659,126.6723422,참사랑외과의원,,+82 32 582 0114,2020-08-28,doctors,,,가정로,214,석남동,,,
37.61842629,126.6930754,정내과의원,"인천광역시 서구 검단로 836, 215호 (불로동, 월드메가마트)",+82 32 567 8275,2020-08-28,doctors,,,검단로,836,,,,215
37.51944582,126.6733316,엄마와아이들소아청소년과산부인과의원,,+82 32 572 1771,2020-08-28,doctors,,,가정로,388,가정동,,,
37.50270632,126.6718633,차왕기내과의원,,+82 32 574 0188,2020-08-28,doctors,,,가정로,201,석남동,,,
37.51751879,126.6686261,신현윤치과의원,,+82 32 581 2824,2020-08-28,dentist,,,원창로,174,신현동,,,
37.54372949,126.6750405,경희국태한의원,,+82 32 568 0101,2020-08-28,doctors,acupuncture,,탁옥로,50,심곡동,,,105
37.48922004,126.6833303,성현한의원,,+82 32 576 7585,2020-08-28,doctors,acupuncture,,장고개로287번길,1,가좌동,,,
37.60254472,126.6556304,연세의원,,+82 32 563 2288,2020-08-28,doctors,,,완정로,187,왕길동,,4,
37.49456871,126.6814046,신현승내과의원,"인천광역시 서구 원적로 85 (가좌동, 우신프라자)",+82 32 582 8575,2020-08-28,doctors,,,원적로,85,,,,
37.51294894,126.6724851,육각수한의원,"인천광역시 서구 가정로 315, 303호 (석남동, 두성상가)",+82 32 574 7400,2020-08-28,doctors,acupuncture,,가정로,315,,,,303
37.60254472,126.6556304,검단다인안과의원,,+82 32 562 0506,2020-08-28,doctors,,,완정로,187,왕길동,,2,
37.5029314,126.671848,황대순한의원,"인천광역시 서구 가정로 201-1, 2층 (석남동, 두일빌딩)",+82 32 577 3210,2020-08-28,doctors,acupuncture,,가정로,201-1,,,2,
37.49565534,126.6826973,가좌신경외과의원,,+82 32 577 4215,2020-08-28,doctors,,,원적로,103,가좌동,,2,
37.52011346,126.6734103,서구연세정형외과의원,,+82 32 582 7582,2020-08-28,doctors,,,가정로394번길,1,가정동,,,
37.48597767,126.660185,성모치과의원,,+82 32 573 2804,2020-08-28,dentist,,,백범로,884,가좌동,,,
37.59594378,126.6702661,연세조아치과의원,"인천광역시 서구 완정로 36, 2,3층 일부 (마전동, 한성빌딩)",+82 32 567 9975,2020-08-28,dentist,,,완정로,36,,,,
37.61862742,126.6908971,대림한의원,"인천광역시 서구 검단로 842, 205호 (불로동, 월드불로마트)",+82 32 561 8275,2020-08-28,doctors,acupuncture,,검단로,842,,,,205
37.49501687,126.6828103,연세산부인과의원,"인천광역시 서구 원적로 100, 604호 (가좌동, 로얄프라자)",+82 32 566 0001,2020-08-28,doctors,,,원적로,100,,,,604
37.50955216,126.6781213,사랑의치과의원,,+82 32 574 1131,2020-08-28,dentist,,,서달로123번길,3,석남동,,,
37.50617356,126.6717115,이사랑치과의원,,+82 32 579 9944,2020-08-28,dentist,,,길주로,90,석남동,,2,
37.61842629,126.6930754,미래치과의원,"인천광역시 서구 검단로 836, 219호 (불로동, 월드메가마트)",+82 32 564 2833,2020-08-28,dentist,,,검단로,836,,,,219
37.51738466,126.6727233,고정신건강의학과의원,"인천광역시 서구 가정로 363, 201호 (신현동, 그린빌딩)",+82 32 572 0572,2020-08-28,doctors,,,가정로,363,,,,201
37.51337435,126.6654533,인치과의원,,+82 32 582 2875,2020-08-28,dentist,,,율도로,32,석남동,,,
37.5423238,126.6750314,웰치과의원,,+82 32 567 1410,2020-08-28,dentist,,,심곡로49번길,1,심곡동,,,
37.54449727,126.6816581,성모가정의원,,+82 32 563 8275,2020-08-28,doctors,,,심곡로,129,심곡동,,,
37.50329226,126.6726899,예일메디칼의원,,+82 32 581 6904,2020-08-28,doctors,,,거북로,97,석남동,,,
37.51320651,126.6729556,김득조내과의원,"인천광역시 서구 율도로 98, 302호 (석남동, 서인빌딩)",+82 32 581 9777,2020-08-28,doctors,,,율도로,98,,,,302
37.54409033,126.6750794,서인천성모의원,"인천광역시 서구 탁옥로 49, 4층 (심곡동, 제스트프라자)",+82 32 566 8275,2020-08-28,doctors,,,탁옥로,49,,,4,
37.49456871,126.6814046,한길정형외과의원,"인천광역시 서구 원적로 85, 201호 (가좌동, 우신프라자)",+82 32 576 7582,2020-08-28,doctors,,,원적로,85,,,,201
37.54515396,126.6799491,미치과의원,"인천광역시 서구 심곡로 135, 207호 (심곡동, 대동상가)",+82 32 567 2875,2020-08-28,dentist,,,심곡로,135,,,,207
37.49456871,126.6814046,정영달치과의원,"인천광역시 서구 원적로 85, 303호 (가좌동, 우신프라자)",+82 32 578 2875,2020-08-28,dentist,,,원적로,85,,,,303
37.49456871,126.6814046,연세이비인후과의원,"인천광역시 서구 원적로 85, 304호 (가좌동, 우신프라자)",+82 32 579 5284,2020-08-28,doctors,,,원적로,85,,,,304
37.51329473,126.6687802,보원한의원,,+82 32 583 7575,2020-08-28,doctors,acupuncture,,염곡로,322,석남동,,,
37.50988029,126.6776518,삼성가정의원,"인천광역시 서구 서달로123번길 12-4, 203호, 207~208호 (석남동, 신동아상가)",+82 32 581 8275,2020-08-28,doctors,,,서달로123번길,12-4,,,,207-208
37.54928969,126.6767302,김승연산부인과의원,"인천광역시 서구 서곶로 355, 3층 (연희동, 한터빌딩)",+82 32 563 1251,2020-08-28,doctors,,,서곶로,355,,,3,
37.60254472,126.6556304,윤이비인후과의원,"인천광역시 서구 완정로 187, 401호 (왕길동, 마전메디칼센타)",+82 32 565 2356,2020-08-28,doctors,,,완정로,187,,,,401
37.54357481,126.6765143,이동희소아청소년과의원,"인천광역시 서구 서곶로 293, 403호 (심곡동, 우민빌딩)",+82 32 565 7575,2020-08-28,doctors,,,서곶로,293,,,,403
37.4933967,126.6845801,제일가정의원,"인천광역시 서구 원적로96번길 26, 2층 (가좌동, 프라자쇼핑)",+82 32 579 2095,2020-08-28,doctors,,,원적로96번길,26,,,2,
37.514057,126.6684613,인천연합의원,,+82 32 574 4843,2020-08-28,doctors,,,염곡로,329,신현동,,,
37.60254472,126.6556304,우리들산부인과의원,"인천광역시 서구 완정로 187, 3층 (왕길동, 마전메디칼센타)",+82 32 562 8228,2020-08-28,doctors,,,완정로,187,,,3,
37.60272229,126.6601571,연세정형외과의원,,+82 32 564 3060,2020-08-28,doctors,,,검단로,504,마전동,,,
37.5029314,126.671848,석남치과의원,,+82 32 575 5995,2020-08-28,dentist,,,가정로,201-1,석남동,,,
37.60254472,126.6556304,이정우치과의원,,+82 32 562 2875,2020-08-28,dentist,,,완정로,187,왕길동,,5,
37.49173265,126.6799843,효남한의원,"인천광역시 서구 원적로47번길 6, 103동 119호 (가좌동, 풍림주상상가)",+82 32 578 3180,2020-08-28,doctors,acupuncture,,원적로47번길,6,,,,119
37.54741339,126.6773405,국제한의원,,+82 32 562 3927,2020-08-28,doctors,acupuncture,,서곶로,336,연희동,,2,
37.60254472,126.6556304,안용진내과의원,"인천광역시 서구 완정로 187, 2,5,6층 (왕길동)",+82 32 562 1430,2020-08-28,doctors,,,완정로,187,왕길동,,,
37.59510977,126.6722172,부치과의원,"인천광역시 서구 완정로 18, 403호 (마전동, 한윤메디칼)",+82 32 565 2568,2020-08-28,dentist,,,완정로,18,,,,403
37.511704,126.6723488,강남한의원,,+82 32 582 9493,2020-08-28,doctors,acupuncture,,가정로,301,석남동,,,
37.50291137,126.6732734,천이비인후과의원,,+82 32 583 5460,2020-08-28,doctors,,,거북로,104,석남동,,,
37.60227551,126.6565186,검단한의원,,+82 32 563 0544,2020-08-28,doctors,acupuncture,,완정로,179,왕길동,,,
37.54404845,126.6761665,한재수한의원,,+82 32 562 3388,2020-08-28,doctors,acupuncture,,탁옥로,57,심곡동,,1,
37.51738973,126.6731757,조이비인후과의원,"인천광역시 서구 가정로 364-1, 2층 (가정동, 창대빌딩)",+82 32 578 0820,2020-08-28,doctors,,,가정로,364-1,,,2,
37.50276507,126.6722807,승치과의원,,+82 32 581 1861,2020-08-28,dentist,,,가정로,202,석남동,,3,
37.54357481,126.6765143,이김치과의원,,+82 32 561 1021,2020-08-28,dentist,,,서곶로,293,심곡동,,,
37.54447237,126.673794,인천광역시서구보건소,,+82 32 560 5000,2020-08-28,doctors,,,탁옥로,39,심곡동,,,
37.54409414,126.6746154,서인천현대정형외과의원,"인천광역시 서구 탁옥로 45, 2,5층 (심곡동)",+82 32 561 7575,2020-08-28,doctors,,,탁옥로,45,심곡동,,,
37.50321473,126.6746139,동산가정의학과의원,,+82 32 571 1998,2020-08-28,doctors,,,거북로,115,석남동,,,
37.51308465,126.6773578,서인천연합치과의원,,+82 32 576 5340,2020-08-28,dentist,,,서달로149번길,12-11,석남동,,,
37.51279252,126.6786298,이승철소아과의원,,+82 32 583 7523,2020-08-28,doctors,,,서달로,159,석남동,,2,201
37.49565534,126.6826973,문정식내과의원,,+82 32 583 2246,2020-08-28,doctors,,,원적로,103,가좌동,,,
37.51045068,126.6722691,김성철신경외과의원,,+82 32 583 7582,2020-08-28,doctors,,,가정로,287,석남동,,,
37.5167226,126.6731423,마리아산부인과의원,,+82 32 575 8870,2020-08-28,doctors,,,가정로,358,가정동,,,
37.51738973,126.6731757,양영표내과의원,"인천광역시 서구 가정로 364-1, 3층 (가정동, 창대빌딩)",+82 32 576 9164,2020-08-28,doctors,,,가정로,364-1,,,3,
37.5134055,126.6690158,중앙외과의원,"인천광역시 서구 율도로 62-1, 3,4층 (석남동)",+82 32 571 7136,2020-08-28,doctors,,,율도로,62-1,석남동,,,
37.5029314,126.671848,연세열린내과의원,,+82 32 579 6090,2020-08-28,doctors,,,가정로,201-1,석남동,,,
37.49501687,126.6828103,가좌연세소아과의원,,+82 32 575 5275,2020-08-28,doctors,,,원적로,100,가좌동,,,
37.54262715,126.6763726,자혜정형외과의원,,+82 32 567 5571,2020-08-28,doctors,,,서곶로,281,심곡동,,,
37.51240742,126.6724042,서인천뉴욕치과의원,,+82 32 571 4074,2020-08-28,dentist,,,가정로,309,석남동,,,303
37.50247197,126.6718561,김성진한의원,,+82 32 573 0114,2020-08-28,doctors,acupuncture,,가정로,199,석남동,,,
37.51689744,126.6726641,오세건치과의원,,+82 32 577 1838,2020-08-28,dentist,,,가정로,359,신현동,,,
37.49501687,126.6828103,최비뇨기과의원,,+82 32 579 7575,2020-08-28,doctors,,,원적로,100,가좌동,,,
37.49961769,126.673637,연세한의원,,+82 32 581 2260,2020-08-28,doctors,acupuncture,,석남로110번길,14,석남동,,,
37.51944582,126.6733316,오승훈치과의원,,+82 32 564 3948,2020-08-28,dentist,,,가정로,388,가정동,,,
37.49571675,126.6712745,플랜트치과의원,,+82 32 579 2828,2020-08-28,dentist,,,가정로,123,가좌동,,2,
37.49501687,126.6828103,다인안과의원,"인천광역시 서구 원적로 100, 5층 (가좌동, 가좌로얄프라자)",+82 32 579 0088,2020-08-28,doctors,,,원적로,100,,,5,
37.49501687,126.6828103,하이큐홍내과의원,"인천광역시 서구 원적로 100, 4층 (가좌동, 가좌로얄프라자)",+82 32 582 5430,2020-08-28,doctors,,,원적로,100,,,4,
37.49501687,126.6828103,두진규치과의원,,+82 32 581 1443,2020-08-28,dentist,,,원적로,100,가좌동,,6,
37.51738973,126.6731757,명메디칼스킨남성의원,"인천광역시 서구 가정로 364-1, 6층 (가정동, 창대빌딩)",+82 32 561 7564,2020-08-28,doctors,,,가정로,364-1,,,6,
37.51887016,126.673421,바르다경희한의원,,+82 32 572 9521,2020-08-28,doctors,acupuncture,,가정로,382,가정동,,,
37.51738973,126.6731757,정순민치과의원,"인천광역시 서구 가정로 364-1, 2층 (가정동, 창대빌딩)",+82 32 575 9701,2020-08-28,dentist,,,가정로,364-1,,,2,
37.50276507,126.6722807,김안과의원,,+82 32 575 6359,2020-08-28,doctors,,,가정로,202,석남동,,,
37.49501687,126.6828103,다인이비인후과의원,,+82 32 575 0614,2020-08-28,doctors,,,원적로,100,가좌동,,,
37.51329063,126.6724225,신석치과의원,"인천광역시 서구 가정로 317, A동 302호 (석남동, 두성상가)",+82 32 572 6000,2020-08-28,dentist,,,가정로,317,,A,,302
37.60197566,126.6586756,김준영치과의원,,+82 32 562 7575,2020-08-28,dentist,,,완정로,160,마전동,,2,
37.50382375,126.6718775,세일정형외과의원,,+82 32 575 2255,2020-08-28,doctors,,,가정로,213,석남동,,,
37.49386787,126.6807723,베드로의원,,+82 32 571 9018,2020-08-28,doctors,,,원적로,77,가좌동,,,
37.51006548,126.6789041,코코메디칼의원,"인천광역시 서구 서달로 130 (석남동, 삼부빌딩)",+82 32 575 9011,2020-08-28,doctors,,,서달로,130,,,,
37.50296732,126.6726391,유앤박소아과의원,,+82 32 573 3297,2020-08-28,doctors,,,거북로,98,석남동,,,
37.51944582,126.6733316,장내과의원,,+82 32 566 5353,2020-08-28,doctors,,,가정로,388,가정동,,,
37.51848254,126.6726021,세종한의원,"인천광역시 서구 가정로 375, 305호 (신현동, 금강아미움)",+82 32 572 0362,2020-08-28,doctors,acupuncture,,가정로,375,,,,305
37.50297214,126.6722658,가인의원,,+82 32 575 3070,2020-08-28,doctors,,,가정로,204,석남동,,,
37.51364158,126.6723823,삼정당한의원,,+82 32 572 9871,2020-08-28,doctors,acupuncture,,율도로,91,신현동,,,
37.50276507,126.6722807,임내과의원,,+82 32 571 0668,2020-08-28,doctors,,,가정로,202,석남동,,,
37.50408132,126.6723479,석남한의원,,+82 32 571 0365,2020-08-28,doctors,acupuncture,,가정로,216,석남동,,,
37.4944705,126.6831026,안산한의원,,+82 32 577 0110,2020-08-28,doctors,acupuncture,,원적로96번길,8,가좌동,,2,
37.49501687,126.6828103,숭인한의원,"인천광역시 서구 원적로 100, 303호 (가좌동, 가좌로얄프라자)",+82 32 574 2562,2020-08-28,doctors,acupuncture,,원적로,100,,,,303
37.4933967,126.6845801,한솔치과의원,,+82 32 577 2875,2020-08-28,dentist,,,원적로96번길,26,가좌동,,,
37.49471663,126.6833583,차인종산부인과의원,,+82 32 571 6607,2020-08-28,doctors,,,원적로100번길,8,가좌동,,,
37.49535466,126.6823972,박윤현치과의원,,+82 32 573 0088,2020-08-28,dentist,,,원적로,99,가좌동,,,
37.48890456,126.6825104,연세해맑은치과의원,,+82 32 576 8288,2020-08-28,dentist,,,장고개로,277-1,가좌동,,,
37.50354957,126.6723347,이엔치과의원,,+82 32 282 2875,2020-08-28,dentist,,,가정로,212,석남동,,5,
37.49278194,126.6860157,임진영소아청소년과의원,"인천광역시 서구 장고개로337번길 7, 2층 (가좌동, 모건베스트원상가)",+82 32 576 0870,2020-08-28,doctors,,,장고개로337번길,7,,,2,
37.50276507,126.6722807,성신한의원,,+82 32 571 4050,2020-08-28,doctors,acupuncture,,가정로,202,석남동,,,
